{"IMG_20190114_160852802.jpg": {"meanR": 110.93554595044378, "meanG": 107.58352302144971, "meanB": 101.94814387635601, "width": 3120, "height": 4160}, "Screenshot_20171019-213213.png": {"meanR": 94.4784587191358, "meanG": 88.46542245370371, "meanB": 84.1785117669753, "width": 1080, "height": 1920}, "IMG_20190104_022339670.jpg": {"meanR": 115.96947463115148, "meanG": 112.6389885100282, "meanB": 113.10653216811643, "width": 3264, "height": 2448}, "IMG_0355.jpg": {"meanR": 170.19085774739582, "meanG": 155.2535896809896, "meanB": 133.95322916666666, "width": 1280, "height": 960}, "IMG_20190114_160922378.jpg": {"meanR": 131.36900047768736, "meanG": 126.397897867357, "meanB": 120.16782097509862, "width": 4160, "height": 3120}, "Screenshot_20171225-215243.png": {"meanR": 122.34082561728395, "meanG": 107.27693624614197, "meanB": 84.28638310185185, "width": 1920, "height": 1080}, "IMG_20200110_133954087.jpg": {"meanR": 140.30957108296352, "meanG": 137.9359263282791, "meanB": 124.46491347694773, "width": 3120, "height": 4160}, "IMG_20190114_221026152_BURST000_COVER_TOP.jpg": {"meanR": 90.21670904215976, "meanG": 62.53493081237673, "meanB": 117.7119597509862, "width": 4160, "height": 3120}, "Screenshot_20190603-081633.png": {"meanR": 128.50656491126543, "meanG": 115.28074652777778, "meanB": 96.29612654320988, "width": 1080, "height": 1920}, "IMG_20170318_125243660_HDR.jpg": {"meanR": 118.40328289199667, "meanG": 109.5048426386486, "meanB": 99.51640144415609, "width": 3264, "height": 2448}, "IMG_20200110_101005152.jpg": {"meanR": 112.41087116309171, "meanG": 107.67632627588758, "meanB": 97.91616216715977, "width": 3120, "height": 4160}, "IMG_20170307_150133.jpg": {"meanR": 122.17269443333079, "meanG": 128.4962070695524, "meanB": 119.24432945784433, "width": 2592, "height": 1944}, "IMG_20200110_123153020.jpg": {"meanR": 140.06473796535997, "meanG": 144.16397166235208, "meanB": 150.55985137758876, "width": 3120, "height": 4160}, "IMG_20200110_123203769.jpg": {"meanR": 152.61231478057198, "meanG": 147.84526134122288, "meanB": 142.83277228180472, "width": 4160, "height": 3120}, "IMG_20190114_215939588.jpg": {"meanR": 122.94053454758382, "meanG": 93.51873482186883, "meanB": 146.438522867357, "width": 4160, "height": 3120}, "IMG_20200104_103819538.jpg": {"meanR": 110.1695986655572, "meanG": 98.1050176436144, "meanB": 78.21611432137574, "width": 4160, "height": 3120}, "DSC_0012.jpg": {"meanR": 126.64637695833333, "meanG": 111.28920916666667, "meanB": 99.01349304166666, "width": 6000, "height": 4000}, "IMG_20190711_213008864.jpg": {"meanR": 50.387151776560295, "meanG": 43.106516524093294, "meanB": 36.01390240532488, "width": 3264, "height": 2448}, "IMG_20190114_215548032.jpg": {"meanR": 101.3565836107002, "meanG": 83.62249044625247, "meanB": 102.6661904431706, "width": 4160, "height": 3120}, "IMG_20161230_164646431.jpg": {"meanR": 140.57849469955465, "meanG": 138.09191351683648, "meanB": 140.21196024365628, "width": 3264, "height": 2448}, "IMG_20190701_145032064_HDR.jpg": {"meanR": 122.57617696005917, "meanG": 110.49671297152366, "meanB": 104.12971754807693, "width": 4160, "height": 3120}, "IMG_0555.jpg": {"meanR": 125.128583984375, "meanG": 99.3466552734375, "meanB": 87.55812662760417, "width": 1280, "height": 960}, "IMG-20170819-WA0000.jpg": {"meanR": 104.96220341435185, "meanG": 120.19908914448303, "meanB": 120.26532258712706, "width": 1152, "height": 864}, "IMG_0531.jpg": {"meanR": 163.035615234375, "meanG": 151.65467122395833, "meanB": 138.96705240885416, "width": 960, "height": 1280}, "IMG_20190104_145458889.jpg": {"meanR": 120.96291928485037, "meanG": 113.95126223487762, "meanB": 114.51686037721869, "width": 3264, "height": 2448}, "IMG_0468.jpg": {"meanR": 190.0978857421875, "meanG": 179.53240071614584, "meanB": 145.5720987955729, "width": 1280, "height": 960}, "IMG-20170111-WA0002.jpg": {"meanR": 122.0529665709305, "meanG": 119.99023258887746, "meanB": 118.28974390574989, "width": 1296, "height": 864}, "IMG_20200110_113245331.jpg": {"meanR": 120.62306582840236, "meanG": 116.93609051405325, "meanB": 113.03101554795364, "width": 3120, "height": 4160}, "Screenshot_20171220-212817.png": {"meanR": 114.33568913966049, "meanG": 104.53538339120371, "meanB": 92.0594637345679, "width": 1080, "height": 1920}, "FullSizeRender.jpg": {"meanR": 138.138994140625, "meanG": 119.43827473958333, "meanB": 111.745966796875, "width": 960, "height": 960}, "IMG_0517.jpg": {"meanR": 138.16196410123968, "meanG": 94.72615989558432, "meanB": 83.57779069692985, "width": 1936, "height": 1936}, "IMG_20170109_183730.jpg": {"meanR": 171.72866030092592, "meanG": 159.17229311342592, "meanB": 145.8663990162037, "width": 720, "height": 960}, "Screenshot_20171225-220935.png": {"meanR": 130.1928477044753, "meanG": 117.07760754243827, "meanB": 102.44158323688272, "width": 1920, "height": 1080}, "IMG_20200110_143924203.jpg": {"meanR": 144.03043138251974, "meanG": 126.29763144107496, "meanB": 106.92548123150888, "width": 4160, "height": 3120}}